Price,Close,High,Low,Open,Volume
Ticker,ABEV3.SA,ABEV3.SA,ABEV3.SA,ABEV3.SA,ABEV3.SA
Date,,,,,
2023-01-02,11.963921546936035,12.183133839572598,11.820591298436177,12.140977505747845,14995900
2023-01-03,11.94705867767334,12.132546051360384,11.896470919735005,11.938627250672761,36363800
2023-01-04,12.014509201049805,12.199996585783211,11.871178149764697,12.03980267949271,23791800
2023-01-05,12.048233032226562,12.149407741038027,11.921764847228507,12.03137098279054,31031500
2023-01-06,12.073526382446289,12.107251285031582,11.938626772105117,12.056664333186193,20889800
2023-01-09,12.14097785949707,12.19999705019743,12.03137251405043,12.048234565632523,24448600
2023-01-10,12.259015083312988,12.309602844730868,12.014509311934473,12.022940739514985,35535000
2023-01-11,12.048233032226562,12.469794720973558,11.761570955228187,12.233720400413471,74419600
2023-01-12,11.888041496276855,11.947059883105458,11.517066711472225,11.635104289194647,69959500
2023-01-13,11.702553749084473,11.845884801950136,11.60981045772765,11.803728468036965,44291300
2023-01-16,11.129228591918945,11.584515190549922,11.11236654222564,11.567653140856615,58837000
2023-01-17,11.685689926147461,11.761571160094055,11.129228615959265,11.213541276803287,68143400
2023-01-18,11.618240356445312,11.854315490005261,11.576084025162098,11.744709350294958,32154400
2023-01-19,11.500204086303711,11.677260042024708,11.424322847556828,11.525497564530946,51799200
2023-01-20,11.407459259033203,11.500203346676926,11.272559645077013,11.42432211281029,33626000
2023-01-23,11.314716339111328,11.533928620868215,11.264128580219296,11.432753907149301,29938500
2023-01-24,11.474908828735352,11.474908828735352,11.247265935907718,11.3147157414911,17822600
2023-01-25,11.559223175048828,11.584516654818412,11.356873728761704,11.424323544190745,22021000
2023-01-26,11.584516525268555,11.677260623495247,11.407460560731034,11.55079161793118,22793400
2023-01-27,11.508634567260742,11.592947232395137,11.458047611432239,11.592947232395137,23904300
2023-01-30,11.407459259033203,11.550790299877935,11.331578025166564,11.542358872989393,32850700
2023-01-31,11.517065048217773,11.5845148531568,11.382165438339719,11.48334014574826,35608800
2023-02-01,11.1123685836792,11.576085890313786,10.834137878072339,11.500205446656228,136662100
2023-02-02,11.05334758758545,11.407459483211998,10.960604302184263,11.011192060444545,49730600
2023-02-03,10.943742752075195,11.146093005162184,10.884724363793493,11.019623996474662,40568400
2023-02-06,10.97746753692627,11.12922920883903,10.918448349565317,10.99432958755428,25649000
2023-02-07,10.9268798828125,11.028054599756622,10.867861498944722,10.977467643317148,22344400
2023-02-08,11.120797157287598,11.16295348758916,10.901585687036695,10.994328970448034,24324300
2023-02-09,10.97746753692627,11.154522686813628,10.918448349565317,11.087072876171254,17206200
2023-02-10,10.842568397521973,10.952174553831584,10.623356888968008,10.943743125485016,49142000
2023-02-13,11.070210456848145,11.10393536104612,10.834136127462326,10.842566750462964,16722700
2023-02-14,10.960604667663574,11.264128815150798,10.952173240328193,11.087072861433626,29701200
2023-02-15,11.154523849487305,11.2725614324475,10.901587435246567,10.952174396468614,35211800
2023-02-16,11.028054237365723,11.213541614367267,10.926879523746285,11.171385282676216,34528900
2023-02-17,11.129228591918945,11.171384922249894,10.969035501539489,10.994328978112009,13404000
2023-02-22,11.137660026550293,11.221972687270874,11.002760412649462,11.002760412649462,29184000
2023-02-23,11.171384811401367,11.297852997074203,11.061778675254521,11.137659908284268,24914000
2023-02-24,11.230403900146484,11.297853710640775,11.028054468663614,11.146092039061203,26791100
2023-02-27,11.297853469848633,11.348441228673753,11.179816706031936,11.280991419617026,30248900
2023-02-28,11.289422988891602,11.458047513656286,11.24726665668414,11.323147893844538,39333900
2023-03-01,11.35687255859375,11.4917721755523,11.179816610319365,11.314716227277918,28582000
2023-03-02,11.070210456848145,11.415890925893665,11.019622698518614,11.356872544563496,47796400
2023-03-03,11.05334758758545,11.146091677051775,10.952172875130026,11.061779014639685,22570600
2023-03-06,11.382165908813477,11.449615716540494,11.070210347059737,11.112366677905406,29101800
2023-03-07,11.323148727416992,11.483341836720037,11.213542577234819,11.356873634852645,23803700
2023-03-08,11.483341217041016,11.500204071881475,11.25569830515103,11.297853834121831,24867300
2023-03-09,11.466479301452637,11.618240976480134,11.432754395439284,11.432754395439284,19988600
2023-03-10,11.39059829711914,11.550791402974216,11.348441962715636,11.39902972481288,25089300
2023-03-13,11.474908828735352,11.576083537110424,11.356872070996989,11.38216554707448,15168800
2023-03-14,11.761570930480957,11.87117706581237,11.458046804685198,11.47490885408574,52093500
2023-03-15,11.820591926574707,11.888041742652474,11.592948194263315,11.635104530328228,36367400
2023-03-16,12.022939682006836,12.149407868329924,11.803727408586038,11.803727408586038,29043700
2023-03-17,11.989215850830078,12.140977527175771,11.87960970431835,11.97235299564434,52021500
2023-03-20,11.904902458190918,12.031371452188205,11.845884076764603,11.972352266696747,33729400
2023-03-21,11.761570930480957,11.955489725010414,11.719414600881935,11.921764822144219,16500900
2023-03-22,11.761570930480957,11.879608492545197,11.710983978214218,11.727846027614762,16107100
2023-03-23,11.618240356445312,11.93019592143688,11.525497070874351,11.812159158722046,26202600
2023-03-24,11.710983276367188,11.820589405129832,11.592945721377017,11.668826949294623,27154200
2023-03-27,11.744709968566895,11.8964716434844,11.702553635064461,11.803728353031191,15709700
2023-03-28,12.30117130279541,12.672145268172171,11.719415670191283,11.761572003636756,121741000
2023-03-29,12.486659049987793,12.579402343007905,12.216858990543932,12.360190045980143,40734700
2023-03-30,12.495088577270508,12.689007378107146,12.436070196351379,12.646851047136995,24247000
2023-03-31,12.081957817077637,12.579400733587626,11.963920255918708,12.53724440431193,68236900
2023-04-03,12.081957817077637,12.098820670413957,11.837452072156722,11.997645158526245,24136100
2023-04-04,12.166271209716797,12.326464305752042,11.997645882439507,12.149408355363008,25925800
2023-04-05,12.14097785949707,12.334896679115031,11.980784751173722,12.23372195742683,20359100
2023-04-06,12.166271209716797,12.318032878575147,12.006077309616403,12.006077309616403,39044600
2023-04-10,12.191564559936523,12.461363794259997,12.090389847065222,12.225289464226957,31288100
2023-04-11,12.46136474609375,12.537245987559533,12.132547105162296,12.216858970295785,43646400
2023-04-12,12.444501876831055,12.587832922609886,12.343327162881025,12.495088831773495,38015500
2023-04-13,12.30117130279541,12.511952165957592,12.166271679022042,12.419208071564515,25996600
2023-04-14,12.35175895690918,12.419208772603268,12.174702989695895,12.225290753499074,14511000
2023-04-17,12.436070442199707,12.452933296547181,12.284307969333032,12.419207587852231,12975100
2023-04-18,12.334896087646484,12.49508918828844,12.2590148490026,12.444502231902632,17645400
2023-04-19,12.292739868164062,12.377052535006111,12.166271671966172,12.250583534743038,22727300
2023-04-20,12.309602737426758,12.478227267241127,12.275877831463884,12.31803336086859,25584600
2023-04-24,12.0903902053833,12.427639258282559,12.031371822142223,12.360189447702707,39968000
2023-04-25,12.048233032226562,12.124114264851439,11.854315041354196,12.039801605475995,29356500
2023-04-26,11.980783462524414,12.124114503849027,11.93019570508891,11.972352035607642,19935800
2023-04-27,11.938628196716309,12.01450943760424,11.812159997946553,11.955491052053715,16155400
2023-04-28,11.938628196716309,11.989215958663328,11.786865714940443,11.888041238834486,21948100
2023-05-02,12.022939682006836,12.073526634910023,11.770002505295539,11.854315165554345,26656000
2023-05-03,12.292739868164062,12.377052535006111,11.913334475505208,12.014509193276556,34868300
2023-05-04,12.334896087646484,12.908220287120129,12.199996465197433,12.815476193637524,54120800
2023-05-05,12.216858863830566,12.40234625201212,12.056665758627316,12.368621345439582,25846600
2023-05-08,12.233720779418945,12.34332691837662,12.166270971455013,12.284307733359327,18558200
2023-05-09,12.225289344787598,12.28430772570297,12.17470158681361,12.216857917781077,14106700
2023-05-10,12.14097785949707,12.216859101779525,12.03980313780887,12.17470276672647,32128700
2023-05-11,12.225289344787598,12.360188960631385,12.149408109859184,12.149408109859184,24022900
2023-05-12,12.183134078979492,12.225290413632646,12.031372399919427,12.14940917207001,17911800
2023-05-15,12.32646369934082,12.360188602324122,12.199995514169718,12.20842613686671,12250300
2023-05-16,12.309602737426758,12.511952173204001,12.309602737426758,12.368621121845491,12620000
2023-05-17,12.275877952575684,12.360189816282084,12.19999671239429,12.351758388691886,21093400
2023-05-18,12.26744556427002,12.301170467924479,12.115683095792392,12.259014137340124,28578200
2023-05-19,12.292739868164062,12.45293377435092,12.140977389474449,12.309602723158545,26033100
2023-05-22,12.32646369934082,12.511951067781535,12.275876746898424,12.436069835052828,19796100
2023-05-23,12.30117130279541,12.368621114682094,12.191565157463252,12.292739875293279,12569600
2023-05-24,12.360189437866211,12.478227008319596,12.2168583894818,12.2168583894818,13887400
2023-05-25,12.427639961242676,12.587833873479948,12.351758719031887,12.520384059084847,20059400
2023-05-26,12.444501876831055,12.562538641073514,12.343327162881025,12.486658208659856,9976800
2023-05-29,12.444501876831055,12.520383113309865,12.309602258231013,12.368620640352244,5236900
2023-05-30,12.208427429199219,12.55410872645181,12.1578404714019,12.503520964589294,24198200
2023-05-31,12.149408340454102,12.183133245055144,12.006077294883381,12.174701817888597,41149000
2023-06-01,12.00607681274414,12.157839279386941,11.980783336325379,12.09882089972146,21073100
2023-06-02,12.191564559936523,12.326464177098261,12.014508611395458,12.140976801468302,26641200
2023-06-05,12.149408340454102,12.242152431155832,12.090389958418564,12.157839767620649,13795200
2023-06-06,12.495088577270508,12.52038285829168,12.14940811063252,12.191564441602669,38723100
2023-06-07,12.520383834838867,12.672145512477112,12.351758497806067,12.554108741432389,29670300
2023-06-09,12.76488971710205,12.79018319624577,12.55410884808556,12.579402327229282,27318300
2023-06-12,12.781749725341797,12.840768101931438,12.58783174279579,12.76488767662979,23053500
2023-06-13,12.874494552612305,12.899788029176745,12.689007181654462,12.823906795418303,17207900
2023-06-14,12.92508316040039,13.009395831828996,12.714302285894101,12.866064772839502,38582700
2023-06-15,12.80704402923584,12.941944447987211,12.638419510878036,12.8407689329074,19514800
2023-06-16,12.7058687210083,12.882924657978132,12.68900667199765,12.764887902708304,42108400
2023-06-19,12.739594459533691,12.798613645108698,12.67214465093238,12.705869555233036,8520800
2023-06-20,12.76488971710205,12.773320340773154,12.65528356872565,12.69743990334199,17804600
2023-06-21,12.882925033569336,12.908219313920382,12.714300518221265,12.756456848074562,15349000
2023-06-22,13.11056900024414,13.152725330958875,12.807044062350162,12.807044062350162,24788600
2023-06-23,13.059981346130371,13.144294008228382,13.017825015081366,13.110569104202204,15765000
2023-06-26,12.933514595031738,13.068414226134953,12.807045587823554,13.059982798174696,17722200
2023-06-27,12.967238426208496,13.034688236160115,12.807044524524535,12.97566985346874,13978600
2023-06-28,12.8323392868042,13.009395245573236,12.78175152541368,13.000963817997285,21624500
2023-06-29,12.8323392868042,12.941945433096002,12.807045004076345,12.874495620618768,14781100
2023-06-30,12.992531776428223,13.043119535428097,12.857632157848759,12.9419448214935,18270700
2023-07-03,12.992531776428223,13.06841301289546,12.916650539960987,13.06841301289546,9309100
2023-07-04,12.76488971710205,12.984101209789642,12.73116481022202,12.984101209789642,12338500
2023-07-05,12.823907852172852,12.908220519755602,12.731164561083977,12.764889467304041,16649000
2023-07-06,12.503520965576172,12.866064314101417,12.478227486675516,12.773320218023686,28789100
2023-07-07,12.520383834838867,12.714301846735314,12.486658928245348,12.503520979509508,18082900
2023-07-10,12.65528392791748,13.304488604800579,12.587834112243009,13.026257914127076,30024500
2023-07-11,12.334896087646484,12.613126759963947,12.292739754614862,12.596263905125229,26625300
2023-07-12,12.385482788085938,12.486658306897107,12.292739500585052,12.318032978255264,17859500
2023-07-13,12.444501876831055,12.554108017959877,12.334895735702235,12.360189213173454,13600600
2023-07-14,12.427639961242676,12.478227724071607,12.275878280886309,12.402346481860818,13152500
2023-07-17,12.495088577270508,12.503520004277565,12.334895484462098,12.410776719395344,21044500
2023-07-18,12.368620872497559,12.587833158869573,12.32646453987753,12.461364161009488,49083400
2023-07-19,12.334896087646484,12.436070804483274,12.199996465197433,12.40234589887101,34813800
2023-07-20,12.579401016235352,12.638419396108354,12.216857702009488,12.436069975916528,42121000
2023-07-21,12.899788856506348,13.043119906339264,12.545676945632689,12.545676945632689,44120600
2023-07-24,12.748025894165039,12.958806747185093,12.655282608299666,12.832338556999117,28477500
2023-07-25,12.67214584350586,12.874496092418086,12.46979639865885,12.849201808763295,25287600
2023-07-26,12.629988670349121,12.689007857563436,12.537245381962578,12.621558047088646,22007900
2023-07-27,12.393914222717285,12.680576316701066,12.377052172282147,12.604695079580045,24140400
2023-07-28,12.613125801086426,12.646850704134847,12.360188626190705,12.436069859065933,15430600
2023-07-31,12.528814315795898,12.731164557118433,12.452933879873285,12.621558410921073,16905900
2023-08-01,12.629988670349121,12.672145002912156,12.360189428449965,12.48665842613907,18921400
2023-08-02,12.689008712768555,12.807045487022215,12.528814799045417,12.60469604196004,22855900
2023-08-03,12.334896087646484,13.026257054730461,12.267446276421959,12.714301476800737,63225600
2023-08-04,12.402345657348633,12.562538754871,12.259014610271441,12.36018932513796,22648600
2023-08-07,12.377052307128906,12.436070690392627,12.259014736536296,12.436070690392627,15395800
2023-08-08,12.225289344787598,12.377051814644425,12.191564440826651,12.208426490774556,15367000
2023-08-09,12.124114990234375,12.225289705099101,12.04823375306954,12.191564800144192,19585700
2023-08-10,12.115683555603027,12.326464412459165,12.073527223418768,12.208426843156271,9563200
2023-08-11,12.107253074645996,12.1999971735132,12.039803259505423,12.17470288978657,15263200
2023-08-14,12.081957817077637,12.183132524900246,11.980783109255027,12.107251293017013,17113600
2023-08-15,11.972352981567383,12.15784036806646,11.955490930466661,12.115684034216871,14551800
2023-08-16,11.955490112304688,12.098821155145458,11.921765208345985,11.972352162251472,39194000
2023-08-17,11.989215850830078,12.107252620869485,11.87117827672548,11.997646474357756,39513800
2023-08-18,12.107253074645996,12.12411593046375,11.94705996470344,11.989216300182603,20322700
2023-08-21,12.065096855163574,12.166271572104474,12.022940522088572,12.140977289820366,18739800
2023-08-22,12.157840728759766,12.233721971127197,12.006078244024902,12.031372527524189,27151300
2023-08-23,12.183134078979492,12.301171655195281,12.090390785994718,12.090390785994718,27857800
2023-08-24,11.963921546936035,12.216858745819362,11.938628068267258,12.183133839572598,26953700
2023-08-25,11.795297622680664,12.014509926597754,11.525498358822853,12.014509926597754,55070100
2023-08-28,11.980783462524414,12.065096123561878,11.685689952958418,11.820590371431384,35551200
2023-08-29,12.022939682006836,12.090389488587832,11.947058448586935,12.03137110884574,14591500
2023-08-30,11.955490112304688,12.090389728139499,11.947058685298728,11.997645639204215,25045400
2023-08-31,11.668828964233398,11.938628217581853,11.55922281654429,11.921766166280173,44974800
2023-09-01,11.694122314453125,11.803728460935348,11.542359834083095,11.677260263337116,20325700
2023-09-04,11.685689926147461,11.786864636721212,11.601378069368563,11.727846256569471,23856400
2023-09-05,11.812158584594727,11.98078309746649,11.651964694317725,11.71941449946643,37047300
2023-09-06,11.786864280700684,11.938626744009909,11.77000223148027,11.79529570734344,26849800
2023-09-08,11.550790786743164,11.77000307069432,11.550790786743164,11.761571643450393,23119600
2023-09-11,11.694122314453125,11.736278648340932,11.559222689264294,11.62667250185871,14866900
2023-09-12,11.559223175048828,11.719416285676495,11.51706683938937,11.677260754082262,18024700
2023-09-13,11.500204086303711,11.651965759732297,11.491772658872907,11.559222470188985,32126800
2023-09-14,11.407459259033203,11.567653153655021,11.382165782432699,11.533928250165975,21983200
2023-09-15,11.314716339111328,11.474909434816652,11.297853484792267,11.42432247998977,39186700
2023-09-18,11.289422988891602,11.365303421986841,11.221973178985726,11.289422988891602,19997200
2023-09-19,11.323148727416992,11.42432344972395,11.213542577234819,11.221974005110036,25991300
2023-09-20,11.35687255859375,11.432753794149221,11.34000970444136,11.35687255859375,15729400
2023-09-21,11.162954330444336,11.29785395434279,11.129229424469724,11.230404142393562,29875400
2023-09-22,11.061779022216797,11.19667863891643,11.044916972161912,11.171385161801533,16325200
2023-09-25,11.146092414855957,11.23883570639619,11.053348319250532,11.087073225634724,20229100
2023-09-26,10.994329452514648,11.1545225498064,10.960604547607693,11.120797644899444,29094600
2023-09-27,10.935311317443848,11.04491746188847,10.842567223801764,11.028054607020755,32045700
2023-09-28,10.943742752075195,11.070211760762717,10.901587219911258,10.96060560819296,43949200
2023-09-29,11.05334758758545,11.10393534584573,11.002760633390308,11.028054110487878,22876500
2023-10-02,11.03648567199707,11.087072626808501,10.943741581400865,11.05334772224583,17955500
2023-10-03,11.00275993347168,11.20510934551047,10.910015849905085,11.011191359989567,31511700
2023-10-04,11.137660026550293,11.188247783795667,10.99432898576438,11.002760412649462,15774100
2023-10-05,10.867860794067383,11.15452207145061,10.84256651342303,11.112366545173602,31497000
2023-10-06,11.120797157287598,11.196678391017386,10.741391792703784,10.791979549878683,40211800
2023-10-09,11.103935241699219,11.120797291584399,11.002760530192738,11.087072387748906,15459500
2023-10-10,11.171384811401367,11.264128093957106,11.061778675254521,11.103935005167171,18408800
2023-10-11,11.205109596252441,11.238834499013585,11.120796937317031,11.171384693491298,14042700
2023-10-13,10.943742752075195,11.196679965385004,10.893155791852376,11.196679965385004,24773100
2023-10-16,10.969035148620605,11.028053526745996,10.918447393038058,10.969035148620605,12422600
2023-10-17,10.791980743408203,10.952173851392407,10.775117887796597,10.876292609270601,21533400
2023-10-18,10.564335823059082,10.775116669990393,10.530610919712677,10.741391766643988,41902700
2023-10-19,10.55590534210205,10.699235580201238,10.547473915135884,10.589630245901589,15581700
2023-10-20,10.530611038208008,10.648648603281199,10.454729803808466,10.496886134482114,14749400
2023-10-23,10.522180557250977,10.59806179847258,10.437868692388799,10.505318505904622,11943700
2023-10-24,10.55590534210205,10.614923722734959,10.395711446005397,10.606492295768792,32749400
2023-10-25,10.48845386505127,10.57276651962617,10.454728964034322,10.547473044879725,14976900
2023-10-26,10.648649215698242,10.775117410927404,10.463161832505655,10.522180216403907,25002300
2023-10-27,10.36198616027832,10.648648234041016,10.353554733622923,10.60649190482913,27730300
2023-10-30,10.421005249023438,10.530611390818967,10.370418293773291,10.45473015387859,26078000
2023-10-31,10.842568397521973,10.91844964451057,10.631787513249314,10.91844964451057,64210200
2023-11-01,10.952173233032227,10.96060466036199,10.75825522883864,10.876291995194679,40528700
2023-11-03,11.205109596252441,11.272559401774728,11.002760179685584,11.044916509153289,27360200
2023-11-06,11.39059829711914,11.441185255151185,11.20511090818284,11.247267242586345,20562100
2023-11-07,11.441184043884277,11.458046897486506,11.34844076126737,11.38216566440671,20565500
2023-11-08,11.415891647338867,11.533929221523916,11.399029596206827,11.458047981266755,29629700
2023-11-09,11.30628490447998,11.441184522682715,11.272559999929296,11.441184522682715,18858200
2023-11-10,11.255699157714844,11.373735934278068,11.255699157714844,11.340011026107828,15140600
2023-11-13,11.323148727416992,11.42432344972395,11.2051111493596,11.272560964230905,16559200
2023-11-14,11.550790786743164,11.59294711889764,11.340009930035935,11.382166262190411,24478100
2023-11-16,11.525497436523438,11.635103579711021,11.424322720673015,11.550790914469752,45772900
2023-11-17,11.466479301452637,11.584516070466782,11.399029489425931,11.559222591973063,36893100
2023-11-20,11.466479301452637,11.559222591973063,11.356873155892943,11.474909924907088,15170600
2023-11-21,11.331578254699707,11.483340725507093,11.264128446355345,11.46647867545357,17196400
2023-11-22,11.441184043884277,11.466478324287621,11.323147284929142,11.373734237605596,29650400
2023-11-23,11.424324035644531,11.6013800097787,11.188249671487393,11.47491099735986,32233900
2023-11-24,11.289422988891602,11.415891181448824,11.196678897222155,11.382166276495887,18133100
2023-11-27,11.449616432189941,11.491772765670559,11.272560474823491,11.331578859257247,22972800
2023-11-28,11.508634567260742,11.559222327154412,11.39902922827726,11.39902922827726,14913700
2023-11-29,11.213541984558105,11.542359613660196,11.213541984558105,11.491772657213033,19363500
2023-11-30,11.5423583984375,11.584514727081876,11.171384475310179,11.213540803954556,41991100
2023-12-01,11.87117862701416,11.87117862701416,11.466479739397075,11.542360177776368,30042200
2023-12-04,11.854314804077148,11.879608279757461,11.795295622069627,11.829020524331742,9861400
2023-12-05,12.00607681274414,12.11568294931226,11.862745772929298,11.871177199757257,36765000
2023-12-06,11.795297622680664,12.073528314550341,11.72784780671621,12.031372782621482,20919500
2023-12-07,11.87117862701416,12.03980316352128,11.820591668094632,11.820591668094632,11940500
2023-12-08,12.065096855163574,12.216858528542335,11.947059283366604,12.039802572879468,16690900
2023-12-11,12.073526382446289,12.132545565019377,11.989214528015607,12.006076577275703,11080900
2023-12-12,11.997645378112793,12.09038946502979,11.955489852130649,12.039801708160054,10541600
2023-12-13,12.393914222717285,12.478226887088452,11.92176555362119,12.031371695677645,53960800
2023-12-14,12.225289344787598,12.537244907442638,12.056664824982866,12.520382857494733,60791700
2023-12-15,12.199995994567871,12.284307853313509,12.132546185945303,12.225289471785048,33747300
2023-12-18,12.26744556427002,12.343326798508834,12.166270853306644,12.225289233685665,24363100
2023-12-19,12.393914222717285,12.461364032588156,12.267446030225692,12.301170935161128,32674700
2023-12-20,12.190035820007324,12.376346448090121,12.127932559344215,12.367474311968685,24316200
2023-12-21,12.154548645019531,12.261011744780909,12.056957681761647,12.261011744780909,28969600
2023-12-22,12.163421630859375,12.269884738054762,12.119061791337906,12.145677356613362,19864700
2023-12-26,12.216653823852539,12.252141526879464,12.145677571705109,12.172293983545488,6884800
2023-12-27,12.278756141662598,12.278756141662598,12.172293040827164,12.225524168198124,10305900
2023-12-28,12.181163787841797,12.287627730020663,12.181163787841797,12.243267895128382,16500300
2024-01-02,12.163421630859375,12.181165059011823,12.056958523663988,12.172293767982381,11690200
2024-01-03,12.06583023071289,12.19890889844028,12.039213820292586,12.1279334961732,17612200
2024-01-04,12.110188484191895,12.136804892989376,11.994854097110071,12.065829495049725,19996000
2024-01-05,12.06583023071289,12.145676923693204,12.003726119159046,12.083573658232893,18293900
2024-01-08,12.163421630859375,12.198909333257838,12.048086386540982,12.074701951816438,11014600
2024-01-09,12.083573341369629,12.145676605201427,12.021470077537831,12.145676605201427,15705100
2024-01-10,12.207781791687012,12.269885060995474,12.065830978357049,12.083574406976501,18313300
2024-01-11,12.030343055725098,12.21665370634784,11.985983215844717,12.163421729272669,22254100
2024-01-12,12.05695915222168,12.17229440255277,11.923879626719524,11.994855881310173,20300600
2024-01-15,12.05695915222168,12.065831289807212,11.941623901890589,11.959367330968044,4752100
2024-01-16,11.844032287597656,11.994855234038493,11.835160150490886,11.923878983277897,24233000
2024-01-17,11.915006637573242,11.985982035957681,11.826286966545949,11.826286966545949,12493800
2024-01-18,11.835159301757812,11.906134701334997,11.755311765710104,11.906134701334997,18425500
2024-01-19,11.844032287597656,11.90613555515792,11.764184745823853,11.89726341805115,28017100
2024-01-22,11.85290241241455,11.932749946332228,11.73756717965496,11.870646684882248,16245600
2024-01-23,11.861775398254395,11.915007373376774,11.737568020364536,11.879519671993036,16851900
2024-01-24,11.781928062438965,11.9238788704296,11.702080521420843,11.9238788704296,16080200
2024-01-25,11.710952758789062,11.781928163392534,11.657721628383241,11.728697032986712,12841800
2024-01-26,11.710952758789062,11.790800300491359,11.666592919388503,11.764184735288447,6568000
2024-01-29,11.755311965942383,11.790799666335449,11.639976728141537,11.675464428534603,10163100
2024-01-30,11.569002151489258,11.755312803348332,11.560130014235593,11.728697237680915,22516400
2024-01-31,11.60448932647705,11.72869670409695,11.560129488320404,11.60448932647705,25269100
2024-02-01,11.595617294311523,11.631104995938513,11.444794350873432,11.595617294311523,27075000
2024-02-02,11.595617294311523,11.710952536122626,11.498026326360689,11.604489431241657,22938800
2024-02-05,11.613361358642578,11.702080188062606,11.569001520885799,11.604489221872516,16606500
2024-02-06,11.737567901611328,11.7996720129747,11.595617097512537,11.595617097512537,29715800
2024-02-07,11.533513069152832,11.808543368467605,11.471409807991922,11.755311397405771,37752200
2024-02-08,11.489154815673828,11.569002360210218,11.444794974698768,11.498026953087559,23297000
2024-02-09,11.489154815673828,11.515770381821428,11.36494827625597,11.462539249526229,15447300
2024-02-14,11.462538719177246,11.480282147090161,11.373819041332009,11.427051017257861,16255700
2024-02-15,11.400435447692871,11.551258392312139,11.391563310693254,11.471410851502696,27820200
2024-02-16,11.320587158203125,11.44479368360922,11.311715021790262,11.44479368360922,21074800
2024-02-19,11.364947319030762,11.364947319030762,11.222995670647883,11.329459618458422,9229700
2024-02-20,11.400435447692871,11.613361659122349,11.338331334789109,11.364947745787958,26872100
2024-02-21,11.444794654846191,11.462538929177745,11.311715981733808,11.391563524038666,13911900
2024-02-22,11.498025894165039,11.542385731054734,11.409306220385648,11.471410330468627,16110800
2024-02-23,11.435921669006348,11.542384760937471,11.373817564143108,11.533512625086516,18944400
2024-02-26,11.569002151489258,11.62223412891767,11.382691499630182,11.382691499630182,12942000
2024-02-27,11.80854320526123,11.826286631307626,11.59561617005024,11.631103868236496,31668800
2024-02-28,11.932750701904297,12.056958078762447,11.76418433325509,11.773056470050715,34495200
2024-02-29,11.160892486572266,11.524641631582556,11.001197409799543,11.462538366656954,88182100
2024-03-01,11.0366849899292,11.240739902028727,10.91247846143633,11.054429263195905,51174000
2024-03-04,11.072172164916992,11.152019698640808,11.010068903617793,11.045556602373546,16560500
2024-03-05,11.311716079711914,11.382691485465758,11.045557885088211,11.116533290842055,33369400
2024-03-06,11.258482933044434,11.515768963703799,11.152019835470918,11.356074740390271,45103900
2024-03-07,11.222996711730957,11.293972119459553,11.107662308742187,11.205253282845607,12954500
2024-03-08,11.391563415527344,11.46253881999034,11.134277362825589,11.134277362825589,54292500
2024-03-11,11.356075286865234,11.444794116065731,11.249612184168521,11.32945972271444,20348100
2024-03-12,11.391563415527344,11.444794545827811,11.320588011064347,11.38269127844608,25358500
2024-03-13,11.311716079711914,11.453666891219601,11.267356239592367,11.373819348223133,24872300
2024-03-14,11.356075286865234,11.364947423613343,11.240740047420413,11.302843312470113,27666100
2024-03-15,11.205252647399902,11.409306721524388,11.187508373427224,11.409306721524388,36174000
2024-03-18,11.205252647399902,11.249612486238046,11.125405106709955,11.22299607527903,24187500
2024-03-19,11.125405311584473,11.258483984455996,11.06330204372357,11.205252853744813,26464600
2024-03-20,11.125405311584473,11.169765151239503,10.97458236441351,11.116533174434753,48407800
2024-03-21,11.187508583068848,11.187508583068848,11.036685635849036,11.107661886976214,29217300
2024-03-22,11.010069847106934,11.152020654294182,10.974582145310121,11.14314936341514,18151900
2024-03-25,10.850375175476074,11.089917806215244,10.850375175476074,11.001198125328088,21593700
2024-03-26,11.010069847106934,11.081045250700557,10.79714363632606,10.823759201150283,32319600
2024-03-27,11.045557975769043,11.045557975769043,10.912479300411443,10.96571043211705,26211600
2024-03-28,11.081045150756836,11.134277126018713,10.965709909434057,10.983454183219196,44405600
2024-04-01,10.939094543457031,11.125405191115886,10.885863413322248,11.089917488994844,21031000
2024-04-02,10.885862350463867,11.018941008901036,10.885862350463867,10.94796561158875,19115800
2024-04-03,11.045557975769043,11.098789953568232,10.761656350422918,10.868119459927716,36137900
2024-04-04,11.063301086425781,11.267355146651306,11.05442895004376,11.063301086425781,31881300
2024-04-05,10.850375175476074,11.134277646658822,10.681808797102779,11.107662080830108,71144500
2024-04-08,10.797143936157227,10.885863616159732,10.752784096155974,10.84150377615848,18919200
2024-04-09,10.96570873260498,11.018940702154053,10.806014516144664,10.832630077872475,23795200
2024-04-10,10.735040664672852,10.983454584076231,10.735040664672852,10.885863612976868,23028800
2024-04-11,10.823759078979492,10.921350892389341,10.708423837918286,10.73504024853563,21019300
2024-04-12,10.752782821655273,10.832630354974683,10.69067956067061,10.788270520231292,16269700
2024-04-15,10.708422660827637,10.779398055818389,10.62857512993968,10.735039068519255,31625300
2024-04-16,10.593088150024414,10.74391108611993,10.593088150024414,10.646320122920157,31317300
2024-04-17,10.566473007202148,10.681808247989043,10.504369741429798,10.646320546677194,26530200
2024-04-18,10.610833168029785,10.664065144663057,10.504370060856806,10.575345465638792,28663900
2024-04-19,10.601961135864258,10.735040655718096,10.601961135864258,10.619705410282199,25809800
2024-04-22,10.601961135864258,10.735040655718096,10.601961135864258,10.637448838606566,23450600
2024-04-23,10.522113800048828,10.646321185135772,10.495498233992194,10.55760150348887,18581900
2024-04-24,10.681807518005371,10.735039489382096,10.504369023572089,10.504369023572089,37013000
2024-04-25,10.664064407348633,10.735039807223373,10.539857034521084,10.699552107286003,23667800
2024-04-26,10.655193328857422,10.71729659839104,10.628576916691365,10.672936757541203,16180400
2024-04-29,10.735040664672852,10.761656230228391,10.610833281924375,10.646320984696287,26520800
2024-04-30,10.779398918151855,10.974581693037434,10.717295654090156,10.717295654090156,25146600
2024-05-02,10.939094543457031,11.098789626048495,10.868119139214949,10.868119139214949,27782000
2024-05-03,10.974581718444824,11.07217268306679,10.95683829128334,11.063301392532807,23380200
2024-05-06,11.045557975769043,11.098789953568232,10.90360716309598,10.992326844063436,18713000
2024-05-07,11.17863655090332,11.205252114503008,11.054429177282257,11.063301313846656,27522500
2024-05-08,10.797143936157227,11.036685718414272,10.56647344502557,10.992326724506594,50692500
2024-05-09,10.690680503845215,10.823759173722648,10.619705100431444,10.628576391288004,25762900
2024-05-10,10.681807518005371,10.726167353137063,10.601959983987024,10.690679654250406,29029300
2024-05-13,10.699552536010742,10.743911528139764,10.610832859565617,10.708423826780422,22472500
2024-05-14,10.788269996643066,10.868117526087227,10.717294602935686,10.717294602935686,32670400
2024-05-15,10.921350479125977,11.027813579286175,10.797143105892323,10.814886532872269,36630700
2024-05-16,10.983453750610352,11.098788987390385,10.8592463772872,11.045557014225173,32475700
2024-05-17,10.983453750610352,11.010069314146202,10.89473407736617,11.001197177603082,28118800
2024-05-20,10.735040664672852,10.992326721292603,10.69068082468457,10.93909474408795,38940700
2024-05-21,10.664064407348633,10.868118470465136,10.664064407348633,10.735039807223373,38371300
2024-05-22,10.619705200195312,10.743911734289462,10.584217498155049,10.628576491135211,49248200
2024-05-23,10.610833168029785,10.708424138081625,10.575345465638792,10.575345465638792,28419600
2024-05-24,10.530984878540039,10.637447978155285,10.530984878540039,10.61083241477485,22790000
2024-05-27,10.477754592895508,10.601961129370727,10.460010318488434,10.584217701057227,16530500
2024-05-28,10.282571792602539,10.548729985735685,10.255956227117295,10.548729985735685,40481600
2024-05-29,10.220467567443848,10.30031425642312,10.060772497298322,10.22933885771255,34350900
2024-05-31,10.255956649780273,10.344675487085174,10.167236966381767,10.167236966381767,62942000
2024-06-03,10.24708366394043,10.380162331927973,10.16723612471049,10.26482709149512,24967400
2024-06-04,10.37129020690918,10.406777908152488,10.149491862615118,10.264827103179256,36455800
2024-06-05,10.264827728271484,10.468882657416895,10.220468733586195,10.371290838484642,35635900
2024-06-06,10.486624717712402,10.504368990146006,10.238210826296287,10.238210826296287,34548200
2024-06-07,10.255956649780273,10.433395170483681,10.229340237104557,10.389035328784427,32079700
2024-06-10,10.167236328125,10.273699433863735,10.140620763213704,10.220468304041145,23774700
2024-06-11,10.11400318145752,10.264826108652201,10.105131891576358,10.264826108652201,20061200
2024-06-12,9.998669624328613,10.176108128015033,9.927693376760521,10.158363854599628,40929700
2024-06-13,9.838973999023438,9.94543709529545,9.82122972659803,9.909949396538114,39287400
2024-06-14,9.972054481506348,10.007542186753595,9.741383974352427,9.83897579835258,22356900
2024-06-17,9.972054481506348,10.05190202983606,9.927694638423882,9.945438914094321,18072300
2024-06-18,9.980925559997559,10.087388664439642,9.901078020142611,9.927693584729747,37284200
2024-06-19,9.936564445495605,9.963180006664572,9.79461365780321,9.918821020080774,17907100
2024-06-20,10.00754165649414,10.114004766594828,9.936566249760348,9.980926090492366,29501600
2024-06-21,10.00754165649414,10.096261337958175,9.94543838712547,9.94543838712547,53470500
2024-06-24,10.043028831481934,10.114004234481602,9.95431000077912,9.989797702278954,32197300
2024-06-25,10.096261024475098,10.122876589650476,9.945438078325358,9.980925780590383,43592000
2024-06-26,10.158363342285156,10.220467450013464,9.998669120067966,10.02528468275525,26265300
2024-06-27,10.167236328125,10.238211731950823,10.096260924299177,10.167236328125,21499700
2024-06-28,10.122876167297363,10.184979432146651,9.901077825871589,10.140620440736317,51418600
2024-07-01,10.158363342285156,10.202723177492953,10.051900245442535,10.131747779597871,19515400
2024-07-02,10.167236328125,10.273699433863735,10.105133061300792,10.158364191123384,20259500
2024-07-03,10.096261024475098,10.264827398710569,10.078516750295805,10.23821183353519,32807200
2024-07-04,10.158363342285156,10.167235478545413,10.087387944390075,10.158363342285156,7438600
2024-07-05,10.043028831481934,10.184979637481268,9.963181291583922,10.15836407287978,39021700
2024-07-08,9.980925559997559,10.069645236746066,9.972053423103999,10.051900962958946,28570100
2024-07-09,9.980925559997559,10.025285398371812,9.91882229392973,9.980925559997559,25686000
2024-07-10,10.11400318145752,10.167235151211772,9.972052390237456,10.043027785847489,29040100
2024-07-11,10.229339599609375,10.353546979407927,10.114004356816482,10.158364195751219,22185700
2024-07-12,10.326931953430176,10.34467538227394,10.211596704618124,10.211596704618124,16859800
2024-07-15,10.326931953430176,10.34467538227394,10.255956545867928,10.34467538227394,12421100
2024-07-16,10.380162239074707,10.380162239074707,10.273699136418307,10.318058974048522,19050600
2024-07-17,10.486624717712402,10.566472251476664,10.34467392261748,10.389033757608011,30589900
2024-07-18,10.353546142578125,10.52211250159341,10.326930579805918,10.433393676988228,30271600
2024-07-19,10.406778335571289,10.442266884365692,10.335802930169628,10.335802930169628,22774900
2024-07-22,10.477754592895508,10.522113586726045,10.335802935919641,10.353547210326715,23809300
2024-07-23,10.45113754272461,10.495497379938351,10.415649842172321,10.477753952708968,20161400
2024-07-24,10.460009574890137,10.530984975285667,10.406777601546732,10.42452187469237,22727500
2024-07-25,10.513240814208984,10.575344073695705,10.406776874955387,10.460008844582186,21585700
2024-07-26,10.5398588180542,10.5398588180542,10.424523562217576,10.486626836093585,23201600
2024-07-29,10.486624717712402,10.539856688919738,10.433393592598545,10.530984552702934,38125500
2024-07-30,10.326931953430176,10.477754906023351,10.326931953430176,10.460010631085991,29077200
2024-07-31,10.273699760437012,10.406778435317255,10.21159649163871,10.291444035004288,66719000
2024-08-01,10.4156494140625,10.637447744921209,10.318058453078324,10.424521550359286,37947400
2024-08-02,10.530984878540039,10.530984878540039,10.371289806070418,10.380161942561733,29723800
2024-08-05,10.513240814208984,10.566471937742328,10.273698220028571,10.495496542302233,28528000
2024-08-06,10.655193328857422,10.743912164463508,10.468882674162975,10.47775481155166,27415700
2024-08-07,11.09878921508789,11.143149052620048,10.681808096035263,10.708423660117147,48591300
2024-08-08,10.96570873260498,11.14314806703959,10.92134974508978,11.054428399822285,28173200
2024-08-09,11.045557975769043,11.072173541621845,10.921351437726905,11.03668583845358,19122000
2024-08-12,10.992325782775879,11.134276581743869,10.992325782775879,11.089916745542997,17501300
2024-08-13,11.152021408081055,11.231868954044321,11.010070591299074,11.06330257063912,30082000
2024-08-14,11.143149375915527,11.258483772314385,11.12540510195044,11.152020666804518,22128400
2024-08-15,11.560129165649414,11.666592266597599,11.160892325570341,11.22299558960007,48543500
2024-08-16,11.54238510131836,11.888389948774712,11.54238510131836,11.666591622520755,39842400
2024-08-19,11.54238510131836,11.622232634144739,11.498025266848874,11.569000663562663,29029900
2024-08-20,11.480281829833984,11.569001505227465,11.418178564714667,11.524641667530725,16424000
2024-08-21,11.480281829833984,11.569001505227465,11.391563000534036,11.462538402411408,24177300
2024-08-22,11.533513069152832,11.560128631637012,11.453665535606818,11.489153234283549,25724200
2024-08-23,11.60448932647705,11.719824567246913,11.577873762020479,11.586745898870515,33099000
2024-08-26,11.60448932647705,11.72869670409695,11.54238606071387,11.631104890933623,20467700
2024-08-27,11.560129165649414,11.639976702883931,11.48915376501729,11.551257875140534,22335000
2024-08-28,11.489154815673828,11.595617926357818,11.36494827625597,11.569002360210218,21175200
2024-08-29,11.409307479858398,11.515770592490016,11.347204209013357,11.471411596797049,17873300
2024-08-30,11.409307479858398,11.418179617434436,11.311716504802819,11.329460779954893,50852200
2024-09-02,11.418179512023926,11.435923787012188,11.267356558998102,11.364948379246341,12639100
2024-09-03,11.356075286865234,11.489153953712743,11.338331013369018,11.45366625281384,19701100
2024-09-04,11.524641990661621,11.577873966608946,11.37381904592001,11.391563319933638,22848700
2024-09-05,11.506898880004883,11.551258720168466,11.4625390398413,11.480282468250588,14577100
2024-09-06,11.524641990661621,11.59561739452902,11.453666586794222,11.462538723801035,20976300
2024-09-09,11.631103515625,11.71982318144772,11.506896998785319,11.5246404242938,35098100
2024-09-10,11.746439933776855,11.817415335194143,11.542385866225535,11.542385866225535,27649100
2024-09-11,11.569002151489258,11.79967264352308,11.551258723075506,11.79967264352308,21490600
2024-09-12,11.453665733337402,11.52464113191615,11.320587072525623,11.498025568972492,34492700
2024-09-13,11.293971061706543,11.533513674926052,11.285099771141523,11.489153837726862,21946500
2024-09-16,11.409307479858398,11.418179617434436,11.311716504802819,11.320588642378855,20765800
2024-09-17,11.498025894165039,11.524641457861451,11.347202956396183,11.347202956396183,26068700
2024-09-18,11.515769958496094,11.657721613616793,11.400435560731715,11.40930685172574,26897100
2024-09-19,11.489154815673828,11.631105629919148,11.435923683378629,11.533514656648888,44713200
2024-09-20,11.320587158203125,11.533513355550856,11.293970748964536,11.498025655992901,41412300
2024-09-23,11.311716079711914,11.409307051100054,11.222996399472821,11.267356239592367,20009400
2024-09-24,11.320587158203125,11.44479368360922,11.258483049406582,11.347202721348218,22598600
2024-09-25,11.249611854553223,11.51576918044979,11.249611854553223,11.338330681154243,33524600
2024-09-26,11.391563415527344,11.418178980677578,11.285100308832849,11.320588011064347,16241400
2024-09-27,11.462538719177246,11.52464198601278,11.347203476415858,11.356075613419094,24958600
2024-09-30,11.60448932647705,11.684336865940304,11.444794247550542,11.48028194885715,31164900
2024-10-01,12.06583023071289,12.17229333411351,11.648849107823652,11.710952373283963,65825500
2024-10-02,12.172293663024902,12.2876289063488,12.074701847700458,12.154549388931892,51056800
2024-10-03,11.88839054107666,12.092445451365304,11.88839054107666,12.021470051115386,45000000
2024-10-04,11.781928062438965,11.932751007452403,11.684337093468791,11.764184634486913,36607700
2024-10-07,11.684337615966797,11.897263837474345,11.657722049801752,11.897263837474345,20788600
2024-10-08,11.60448932647705,11.648849164633695,11.54238606071387,11.560129488320404,35995700
2024-10-09,11.60448932647705,11.66659259224023,11.489154085707186,11.489154085707186,28383000
2024-10-10,11.631103515625,11.7020789098458,11.57787239300612,11.57787239300612,19340400
2024-10-11,11.427051544189453,11.63997776552435,11.391563840633637,11.613362199380886,31193700
2024-10-14,11.462538719177246,11.506898558099865,11.391563315338477,11.409306743251392,21045900
2024-10-15,11.427051544189453,11.489154813888733,11.364948274490173,11.471411385157621,33545800
2024-10-16,11.480281829833984,11.533513804288779,11.40043513729209,11.435922838230775,34342600
2024-10-17,11.409307479858398,11.498027163431551,11.311716504802819,11.338332071437321,18266900
2024-10-18,11.427051544189453,11.498026951301085,11.356076137077821,11.498026951301085,19422900
2024-10-21,11.382691383361816,11.480282353874555,11.364947955129304,11.427051223083451,28877400
2024-10-22,11.373819351196289,11.444794756968685,11.293971808178949,11.329460357158723,34756100
2024-10-23,11.311716079711914,11.373819348223133,11.267356239592367,11.30284394246929,22384200
2024-10-24,11.382691383361816,11.435923360246491,11.249612710290483,11.285100412849078,19295300
2024-10-25,11.311716079711914,11.391563622708382,11.293971805226665,11.373819348223133,19204000
2024-10-28,11.435921669006348,11.533512625086516,11.338329866832733,11.364946274385598,20050900
2024-10-29,11.515769958496094,11.560129797840464,11.418178988813327,11.444794553982524,21500600
2024-10-30,11.471409797668457,11.613360592247636,11.444793389114754,11.57787289360284,21176300
2024-10-31,11.21412467956543,11.391563187165893,11.072173027391514,11.178636978045336,61215800
2024-11-01,11.125405311584473,11.222996281950685,11.072173334779723,11.098789746228881,29027800
2024-11-04,11.240740776062012,11.276228479261283,11.098789963264933,11.169765369663471,19442900
2024-11-05,11.249611854553223,11.302842981295134,11.152020045370543,11.178636454835004,18352000
2024-11-06,11.08991813659668,11.134277978361789,10.947967319823219,11.107662411740167,39053800
2024-11-07,11.134278297424316,11.258484842613539,10.992327476583132,10.992327476583132,23946600
2024-11-08,10.939094543457031,11.134277328169537,10.92135111544329,11.001197810645463,35013400
2024-11-11,11.09878921508789,11.13427691589491,10.876990873520636,10.921350711052792,20684800
2024-11-12,11.160892486572266,11.214124460861017,10.912478580776328,11.027813819990682,26899600
2024-11-13,11.293971061706543,11.329459608340711,11.054429294580556,11.107661268438287,30341700
2024-11-14,11.21412467956543,11.44479431639926,11.187508268855202,11.258483671895387,38027500
2024-11-18,11.018941879272461,11.240740224916282,10.983454177813192,11.072173008414595,37251000
2024-11-19,11.027813911437988,11.178636852731021,11.018941774634037,11.045557338952356,28564100
2024-11-21,10.992325782775879,11.072172472625248,10.91247824683301,10.921350383291884,18400700
2024-11-22,11.249611854553223,11.267355281436025,11.063301218769523,11.081044645652325,24116600
2024-11-25,11.125405311584473,11.258483984455996,11.125405311584473,11.169765151239503,22015800
2024-11-26,11.187508583068848,11.276228262407644,11.125405315187832,11.16976515485723,16924800
2024-11-27,11.134278297424316,11.302844685649816,11.098790592214021,11.20525370784491,48572000
2024-11-28,11.00119686126709,11.356074697945907,10.930221463150025,11.134276367306704,40805900
2024-11-29,11.293971061706543,11.293971061706543,10.86811865521878,10.939094056300073,62396000
2024-12-02,11.755311965942383,11.773056239185674,11.178636623031672,11.231867750574514,87464600
2024-12-03,12.287628173828125,12.314243737287411,11.702079855069298,11.755311828081377,72892200
2024-12-04,12.358603477478027,12.473938713027529,12.225523969031602,12.331987068132642,50659000
2024-12-05,12.793328285217285,12.828815985680146,12.420707007310488,12.465066844412444,38794000
2024-12-06,12.615889549255371,12.890919011225588,12.5537854400254,12.68686494886662,46449200
2024-12-09,12.60701847076416,12.71348157911544,12.544915202415973,12.615890607983495,25321800
2024-12-10,12.660248756408691,12.864302808627578,12.660248756408691,12.713479880425156,22942500
2024-12-11,12.243268966674805,12.74009679188962,12.119061587324325,12.660250097407403,49150600
2024-12-12,11.622233390808105,12.048085798815881,11.622233390808105,11.977110397481253,49616900
2024-12-13,11.60448932647705,11.85290323562331,11.54238606071387,11.622233600177124,30867900
2024-12-16,11.391563415527344,11.906135520930855,11.391563415527344,11.604489628916335,32095500
2024-12-17,11.622233390808105,11.702080082739421,11.524641579402848,11.533513716093058,39564500
2024-12-18,11.320587158203125,11.604488754666766,11.311715021790262,11.595616618253903,40864200
2024-12-19,11.338330268859863,11.453665500731423,11.21412374691624,11.320586842622262,38104000
2024-12-20,11.44841480255127,11.513941907249123,11.242475024151398,11.308001236121568,86074600
2024-12-23,11.439055442810059,11.55138648323932,11.223753612441492,11.336084652870754,40181700
2024-12-26,11.364169120788574,11.457777883334794,11.223754637877493,11.401612804352629,21166800
2024-12-27,11.298640251159668,11.410971284415105,11.205031503143987,11.38288874928317,37624000
2024-12-30,10.989728927612305,11.382887963219963,10.989728927612305,11.28927922166858,38907400
2025-01-02,10.858677864074707,11.130144766040187,10.755707074990312,10.971008903571345,33417900
2025-01-03,10.605931282043457,10.811871946637524,10.549766214344492,10.755705986210904,41365900
2025-01-06,10.568490028381348,10.765069595840595,10.49360265913286,10.634016253291811,50881500
2025-01-07,10.802512168884277,10.83995584965556,10.549767546860064,10.577850084256584,34905200
2025-01-08,10.690180778503418,10.793150674089853,10.559127453707077,10.746345851467751,39248800
2025-01-09,10.671459197998047,10.774429993121013,10.577850439291838,10.699542629064927,24470100
2025-01-10,10.446796417236328,10.69954192381192,10.37190905811639,10.67145849459614,31277300
2025-01-13,10.521683692932129,10.587210801188329,10.409352655142872,10.465518620401367,28945300
2025-01-14,10.493600845336914,10.64337555794566,10.437434881744782,10.493600845336914,42625300
2025-01-15,10.66209888458252,10.699542566391232,10.446797044636577,10.577850377330968,45380700
2025-01-16,10.371909141540527,10.690180866724075,10.33446546167939,10.690180866724075,29298500
2025-01-17,10.381269454956055,10.381269454956055,10.081720040008687,10.147246251346505,51433600
2025-01-20,10.343827247619629,10.39999232453771,10.100442867033802,10.343827247619629,22293700
2025-01-21,10.531044960021973,10.540406103129984,10.28766059558014,10.28766059558014,26293900
2025-01-22,10.315743446350098,10.502961834371543,10.240855198413827,10.465518156767255,44993500
2025-01-23,10.343827247619629,10.446797150454646,10.278300134244796,10.315744709160587,35708100
2025-01-24,10.175329208374023,10.418713564489792,10.175329208374023,10.34382620764305,44514500
2025-01-27,10.409353256225586,10.409353256225586,10.147247486248824,10.175330024135818,34876400
2025-01-28,10.399991035461426,10.493600675692408,10.315743430526773,10.34382596550499,39022900
2025-01-29,10.268939018249512,10.48423994951283,10.212773053334713,10.465518556359715,26199700
2025-01-30,10.399991035461426,10.428074463167334,10.259577467842645,10.287660002820862,22347200
2025-01-31,10.390631675720215,10.521684111996793,10.390631675720215,10.428075356474633,26952000
2025-02-03,10.325104713439941,10.502962869128758,10.259578494358683,10.43743575731972,29524300
2025-02-04,10.203411102294922,10.297020738829893,10.128523750158008,10.297020738829893,23133400
2025-02-05,10.128524780273438,10.240855819903368,10.034916026945702,10.240855819903368,44675800
2025-02-06,10.165968894958496,10.203412576436643,10.044276706972575,10.109803819105169,24218200
2025-02-07,10.156607627868652,10.222133840716936,10.109802807522295,10.165967877755767,33491500
2025-02-10,10.268939018249512,10.512322485606365,10.203411910394292,10.240855589428248,50519600
2025-02-11,10.259577751159668,10.325103965494238,10.091080751181954,10.325103965494238,35802500
2025-02-12,10.222134590148926,10.334465631579075,10.109803548718777,10.137886085894374,39414800
2025-02-13,10.278299331665039,10.287660474663024,10.147246900604193,10.175329436870413,21078300
2025-02-14,10.418713569641113,10.474878640940084,10.29702139152306,10.343826212757344,34084700
2025-02-17,10.390631675720215,10.512322968626247,10.362548245608576,10.456157893858505,9559900
2025-02-18,10.381269454956055,10.456156808692898,10.33446463568861,10.4280742742235,18776800
2025-02-19,10.268939018249512,10.334465233377003,10.231495339215554,10.297021554343047,16856200
2025-02-20,10.334465026855469,10.37190870514116,10.203411706491696,10.231495134751746,24406000
2025-02-21,10.409353256225586,10.456158081189097,10.306383355488089,10.315744499026348,34245000
2025-02-24,10.325104713439941,10.45615804433024,10.278299888641422,10.45615804433024,28954600
2025-02-25,10.381269454956055,10.4280742742235,10.315743243618238,10.325103493289586,24354400
2025-02-26,10.952285766601562,11.083339082198961,10.718262562645428,10.98036830111255,79612200
2025-02-27,11.53266429901123,11.69180016421162,10.914843124811023,10.924204268111696,66169900
2025-02-28,11.439055442810059,11.691800060593959,11.326724402380798,11.523303946313943,79761000
2025-03-05,11.963266372680664,12.103680835813115,11.626273268072655,11.701160624652212,54086900
2025-03-06,12.028793334960938,12.20665058152225,11.888378873512607,11.953905979279574,40524500
2025-03-07,12.2628173828125,12.2815387766486,11.907101972648976,11.96326704688504,30190400
2025-03-10,12.281538963317871,12.412592293073523,12.15048563356222,12.169207920410644,27718600
2025-03-11,12.038153648376465,12.31898168002679,11.925822614261875,12.244094323950398,32659900
2025-03-12,12.197288513183594,12.272175863181483,12.047513813187814,12.075596346255114,38219900
2025-03-13,12.478117942810059,12.478117942810059,12.113041400456655,12.244094724238636,35316500
2025-03-14,12.768306732177734,12.768306732177734,12.524922378127858,12.524922378127858,41772200
2025-03-17,12.822733879089355,12.936125672210188,12.67154482159491,12.699892544585651,49697100
2025-03-18,12.803836822509766,12.879431357899216,12.529806406433526,12.756590012601874,31311700
2025-03-19,12.926677703857422,13.011721778407733,12.747140012882783,12.803836362968962,35578000
2025-03-20,12.851083755493164,12.936126932752298,12.709343324412032,12.926678291606587,18669000
2025-03-21,12.973922729492188,12.992821811956256,12.832183215643077,12.8794300206454,28909800
2025-03-24,12.794386863708496,13.030620004398209,12.737690513433483,13.00227227983966,21122400
2025-03-25,12.851083755493164,12.907779206999253,12.624299245994942,12.747140592468742,20685600
2025-03-26,12.643198013305664,12.784937539671715,12.492008944873094,12.784937539671715,29019200
2025-03-27,12.718792915344238,12.737691098865872,12.586502026060977,12.662096562463425,20680800
2025-03-28,12.690443992614746,12.690443992614746,12.520355851171706,12.624298103632524,37767300
2025-03-31,12.75658893585205,12.964474341204953,12.577052154745816,12.586500795003504,41452600
2025-04-01,12.8605318069458,12.898329073269396,12.59595094268063,12.662095933457445,31317800
2025-04-02,12.917228698730469,12.936126882105858,12.709343274653476,12.851083705179677,35788800
2025-04-03,13.087315559387207,13.361345949888761,12.860531073226237,12.888879697220021,44926800
2025-04-04,12.955024719238281,13.1345614992282,12.813285203517706,12.97392290079402,59559600
2025-04-07,12.454211235046387,12.851082976152968,12.274673546796414,12.558153490609387,50069000
2025-04-08,12.510907173156738,12.737690776626893,12.425863096565946,12.435312638666685,39798300
2025-04-09,12.917228698730469,13.115664580540791,12.425863314759022,12.463660582667751,51912400
2025-04-10,12.851083755493164,12.983373743112676,12.775489219379741,12.91722874930292,21741000
2025-04-11,12.737690925598145,12.97392407393186,12.699893657911067,12.97392407393186,35635500
2025-04-14,12.926677703857422,12.983373152785687,12.784937279220932,12.898329078235376,23490300
2025-04-15,12.907777786254883,13.09676410573693,12.869980522358475,12.926676868782016,22758200
2025-04-16,13.125113487243652,13.304650275826837,12.822734457458106,12.841633541076288,60471500
2025-04-17,13.229055404663086,13.32354901801669,13.030619537546825,13.134561791309483,56058800
2025-04-22,13.247955322265625,13.418042575394614,12.983373548673082,13.087316710140845,28032800
2025-04-23,13.2763032913208,13.51253644276367,13.210157396129388,13.3802455535388,35704200
2025-04-24,13.370794296264648,13.40859155960131,13.210155701794372,13.304649310714948,38150200
2025-04-25,13.31410026550293,13.446390250648612,13.181809379199311,13.295201181249011,24152700
2025-04-28,13.51253604888916,13.550333315971956,13.27630290433221,13.332998354377438,28336600
2025-04-29,13.71097183227539,13.79601590791757,13.399144155692685,13.436941422516107,59612200
2025-04-30,13.767666816711426,13.947204503924402,13.644825478396731,13.65427502007276,46988000
2025-05-02,13.342448234558105,13.710972273822835,13.342448234558105,13.616478653142252,35468500
2025-05-05,13.285752296447754,13.465289087775272,13.257403670587156,13.342447745853109,29153300
2025-05-06,13.427491188049316,13.465288452923488,13.229055322170444,13.229055322170444,21775000
2025-05-07,13.484188079833984,13.550333070742322,13.28575220595106,13.521985346232738,23409200
2025-05-08,13.578680992126465,14.202336347327082,13.50308645823293,13.95665456275206,45418600
2025-05-09,13.493636131286621,13.616477467007458,13.418041601790396,13.503085672763119,23513400
2025-05-12,13.503085136413574,13.540882399660362,13.304649279078488,13.474737414267945,19557500
2025-05-13,13.465289115905762,13.588130458084555,13.351897315700244,13.559782733322656,20625000
2025-05-14,13.446390151977539,13.635377388498167,13.408592884905,13.408592884905,37228600
2025-05-15,13.616477966308594,13.64482569061969,13.418042093815108,13.446389818126205,19063200
2025-05-16,13.719446182250977,13.72897950503055,13.538299410922928,13.605038125786402,26057600
2025-05-19,13.65270709991455,13.852921420647236,13.65270709991455,13.700377349466978,14202200
2025-05-20,13.624105453491211,13.700377489862946,13.557367648974543,13.652707239822012,17554600
2025-05-21,13.500162124633789,13.662240416717092,13.376219847791598,13.509696355752647,16478300
2025-05-22,13.44295883178711,13.605037127190812,13.44295883178711,13.500162401203509,18062800
2025-05-23,13.576434135437012,13.633638612832922,13.31901626024122,13.347618044322013,16090900
2025-05-26,13.595502853393555,13.614570406727992,13.4429587897807,13.585968622109167,6439900
2025-05-27,13.538298606872559,13.78618316910761,13.5096968217637,13.78618316910761,15568200
2025-05-28,13.44295883178711,13.55736687985425,13.433424600472929,13.54783264854007,12853200
2025-05-29,13.404823303222656,13.509697123789287,13.357153054152596,13.385754839900882,12528800
2025-05-30,13.376220703125,13.462026970212905,13.252278418357404,13.462026970212905,38207300
2025-06-02,13.261812210083008,13.433424738565023,13.18554017725419,13.385754490738424,15049400
2025-06-03,13.357152938842773,13.423890741424097,13.185540407365808,13.261812441525711,18971700
2025-06-04,13.423890113830566,13.595502637284305,13.357152314369367,13.433424344963402,19154800
2025-06-05,13.223676681518555,13.452492788446529,13.185540663697227,13.442959465916985,20132900
2025-06-06,13.423890113830566,13.442958576096238,13.176005559782793,13.31901629907235,26987600
2025-06-09,13.30948257446289,13.404823070951,13.166472738965085,13.33808435971558,17173900
2025-06-10,13.156938552856445,13.442959134073092,13.090199841390799,13.414356439487372,23640900
2025-06-11,13.261812210083008,13.271346441495197,12.994860095182146,13.090199681600993,22849900
2025-06-12,13.156938552856445,13.242744818144876,13.099734072919372,13.109268304447944,14788400
2025-06-13,13.00439453125,13.14740436774605,12.94719005111096,13.04253054826457,28248400
2025-06-16,13.04253101348877,13.204609318890586,12.9567247448367,13.023462549684133,27978300
2025-06-17,12.842315673828125,13.109267781335156,12.775576965025621,13.09019931903892,32452200
2025-06-18,12.861383438110352,12.918587916704196,12.727907836781952,12.756509621461703,37567000
2025-06-20,12.899519920349121,12.918588383647746,12.746975850897606,12.785111868260485,39451400
2025-06-23,12.928122520446777,13.013927876957942,12.842316254701245,12.870918040204968,27562100
2025-06-24,12.880452156066895,13.013927760041367,12.804180122585949,12.94718995805413,26798300
2025-06-25,12.537226676940918,12.842315709897303,12.489557339535095,12.775577000907356,50901200
2025-06-26,12.699305534362793,12.74697578312152,12.508625448562253,12.584897482882468,36177200
2025-06-27,12.537226676940918,12.603965385930865,12.403751077429684,12.603965385930865,27309500
2025-06-30,12.699305534362793,12.718373997560033,12.432353414242037,12.480023663000765,34532500
2025-07-01,12.756509780883789,12.785111565920985,12.556295467154706,12.737441318036089,21493700
2025-07-02,13.013927459716797,13.137869738571684,12.737441117420305,12.861383396275192,47073600
2025-07-03,12.851849555969238,13.090199889656214,12.851849555969238,13.032996318742585,15694900
2025-07-04,12.889986991882324,12.994860815526835,12.775578027062709,12.78511225900341,6452500
2025-07-07,12.775577545166016,12.909054059597878,12.680237957058429,12.880452274089038,23165300
2025-07-08,12.756509780883789,12.861383598843078,12.6516359629245,12.794645797344835,32803300
2025-07-09,12.68977165222168,12.82324725177694,12.613498712031681,12.82324725177694,31299800
2025-07-10,12.61349868774414,12.7565094274364,12.537226656935333,12.603965365818786,26865400
2025-07-11,12.708839416503906,12.756509663951835,12.470489088498606,12.575362905496574,40755100
2025-07-14,12.670703887939453,12.937656010991635,12.642102102063886,12.642102102063886,36420400
2025-07-15,12.651636123657227,12.889986456875477,12.613499197477317,12.746975711403909,27675300
2025-07-16,13.04253101348877,13.090200354531564,12.689772616212577,12.756510421060009,48903600
2025-07-17,12.832782745361328,13.052064628621835,12.813714281129414,13.032997073624339,19213600
2025-07-18,12.699305534362793,12.861383834601845,12.670703748801305,12.708839765961413,23902900
2025-07-21,12.794646263122559,12.823248049200977,12.642102191725142,12.727908459194785,21355000
2025-07-22,12.775577545166016,12.899519828016809,12.775577545166016,12.804180239909222,22285900
2025-07-23,12.956724166870117,13.023461968740543,12.77557740574416,12.78511163722118,15345700
2025-07-24,12.870918273925781,12.956724541229454,12.785112006622107,12.90905429170137,8292700
2025-07-25,12.842315673828125,12.966257951050686,12.823247211531887,12.947189488754448,15436100
2025-07-28,12.451421737670898,12.861383690231607,12.422819043196109,12.842316136482772,56671100
2025-07-29,12.575363159179688,12.61349917606048,12.413285769362089,12.537227142298894,20942500
2025-07-30,12.537226676940918,12.766043678966788,12.4704888771853,12.584896923581072,25805400
2025-07-31,11.879380226135254,12.022390057342394,11.631495670090834,11.755437948113043,116074600
2025-08-01,11.717302322387695,12.089129168826407,11.650564520168322,11.96518688668017,34261300
2025-08-04,11.831710815429688,11.98425488862625,11.76497301071479,11.812643260897316,16396200
2025-08-05,11.784039497375488,11.927050234963405,11.736370160747164,11.888914220120157,33909800
2025-08-06,11.89844799041748,11.984254254357836,11.80310840433269,11.917516453175047,43866000
2025-08-07,11.955652236938477,12.060526052362432,11.822175727934445,11.92705045259273,34814900
2025-08-08,11.793574333190918,11.984254417185582,11.736370762609699,11.965186863403297,24174500
2025-08-11,11.736371040344238,11.860312415948002,11.679166559174947,11.793574612279148,50587800
2025-08-12,11.6600980758667,11.860312395766968,11.6600980758667,11.803108823929394,21327300
2025-08-13,11.555224418640137,11.660098241320071,11.393146114076533,11.660098241320071,42653700
2025-08-14,11.459884643554688,11.574292696248115,11.412214394290498,11.44081618015526,21777500
2025-08-15,11.478952407836914,11.545690212487758,11.402680371311837,11.440816389574376,22229200
2025-08-18,11.507554054260254,11.64103057117288,11.421747786904595,11.47895226821983,18813900
2025-08-19,11.507554054260254,11.526622517776794,11.393146000864169,11.47895226821983,29267000
2025-08-20,11.53615665435791,11.583825994287203,11.355009889382842,11.48848640519424,21759200
2025-08-21,11.498021125793457,11.555224699834772,11.459885106687775,11.478952661623408,17547700
2025-08-22,11.641030311584473,11.736370808572364,11.526622260739622,11.564758277687906,16592500
2025-08-25,11.555224418640137,11.688700936879103,11.555224418640137,11.679166705026091,10382300
2025-08-26,11.612428665161133,11.621961987586527,11.536156630351732,11.555224184436893,27024300
2025-08-27,11.583826065063477,11.650564777994134,11.526622493105066,11.583826065063477,23328100
2025-08-28,11.679166793823242,11.745904598832938,11.602894756888047,11.669632561897743,25303600
2025-08-29,11.774506568908691,11.927050633377302,11.688700305336512,11.688700305336512,22696900
2025-09-01,11.726836204528809,11.850778482982347,11.6887001887919,11.803108236002627,8227400
2025-09-02,11.593360900878906,11.75543921193021,11.574293345644039,11.660098708052585,18419800
2025-09-03,11.345476150512695,11.402680633840745,11.202466306044196,11.345476150512695,57777400
2025-09-04,11.593360900878906,11.612429365348202,11.355010550419276,11.355010550419276,25257600
2025-09-05,11.679166793823242,11.803109081151534,11.612428988813546,11.631496543430144,17025900
2025-09-08,11.57429313659668,11.717302980595734,11.459885079550553,11.660098497455465,43983300
2025-09-09,11.755438804626465,11.793574823009287,11.54569024890374,11.54569024890374,47583700
2025-09-10,11.784039497375488,11.917516003944014,11.679165683865135,11.688699914884525,40403300
2025-09-11,11.93658447265625,11.984253809311227,11.83170974985295,11.898447548557368,28340200
2025-09-12,11.993788719177246,12.012857182305952,11.850778882649418,11.850778882649418,24015800
2025-09-15,12.041459083557129,12.108196886680627,11.965187048777596,11.993788834511326,37293700
2025-09-16,12.117731094360352,12.1844688973518,12.07006084540887,12.108196862723181,40985200
2025-09-17,12.194003105163574,12.279809371261711,12.060526590207097,12.098662607446894,26865600
2025-09-18,11.93658447265625,12.213070807732956,11.841243980877671,12.213070807732956,59380000
2025-09-19,11.965187072753906,12.022390644335996,11.803108771214026,11.965187072753906,35447400
2025-09-22,11.784039497375488,11.927050234963405,11.784039497375488,11.831709743238127,14169100
2025-09-23,11.879380226135254,11.974720719762903,11.764972179322674,11.784039732507605,14643300
2025-09-24,11.803108215332031,11.965186509238634,11.774506430888023,11.879380246672275,18134100
2025-09-25,11.879380226135254,12.031924288552025,11.745903716903412,11.812642426136499,25988200
2025-09-26,11.879380226135254,11.965186488553272,11.812642426136499,11.946118026134009,12757700
2025-09-29,11.831710815429688,12.012857584276402,11.803109029013932,12.012857584276402,21050900
2025-09-30,11.52662181854248,11.841244173604515,11.478951571877314,11.66009741812375,52485900
2025-10-01,11.431282043457031,11.621962132864088,11.326408221591747,11.621962132864088,28764000
2025-10-02,11.374077796936035,11.583825428231643,11.307339087674402,11.46941738137013,25828200
2025-10-03,11.316873550415039,11.393145583216464,11.202465501212902,11.278737534014327,21785000
2025-10-06,11.297805786132812,11.440815617659826,11.231067076750449,11.326407570591348,14804500
2025-10-07,11.164329528808594,11.30733936356625,11.164329528808594,11.24060156191059,18071700
2025-10-08,11.326408386230469,11.355010172748681,11.164330080569933,11.21200033092322,14723700
2025-10-09,11.173864364624023,11.412214708268186,11.135728346010334,11.374078689654496,28928400
2025-10-10,11.25967025756836,11.316873828960219,11.192931545298693,11.231067562638057,21477200
2025-10-13,11.307339668273926,11.3740783809624,11.231067633116567,11.278737882398511,11694900
2025-10-14,11.488486289978027,11.536156538663619,11.202465707098842,11.250135955784435,29046500
2025-10-15,11.431282043457031,11.536156774556702,11.355010007694208,11.431282043457031,28407100
2025-10-16,11.583826065063477,11.669632332235476,11.36454419049893,11.431281994195205,26420200
2025-10-17,11.793574333190918,11.822176118481527,11.53615644710671,11.56475823239732,23480500
2025-10-20,11.784039497375488,11.869845758081375,11.717301698708383,11.75543771355163,18260900
2025-10-21,11.650564193725586,11.774506472399025,11.583825484141833,11.745903778619844,26607400
2025-10-22,11.507554054260254,11.698235052488114,11.49802073173637,11.679166588971574,29517800
2025-10-23,11.555224418640137,11.612428900523806,11.46941815043183,11.53615686416851,25355600
2025-10-24,11.545689582824707,11.688700325435699,11.488486013167787,11.612428293070241,21686700
2025-10-27,11.583826065063477,11.81264308060027,11.536156724842929,11.650564777994134,40310400
2025-10-28,11.469417572021484,11.583825620784754,11.440815787139254,11.564758067274717,29170400
2025-10-29,11.469417572021484,11.57429229864691,11.421747324394868,11.498020266138063,38485900
2025-10-30,12.003323554992676,12.070061360834016,11.77450744133573,11.917517285062718,91617100
2025-10-31,12.117731094360352,12.317945412569074,11.9270510077888,11.9270510077888,32112500
2025-11-03,12.308411598205566,12.33701338485235,12.136799059856061,12.28934404351918,28265800
2025-11-04,12.546761512756348,12.546761512756348,12.23213914269744,12.289343623269229,27058100
2025-11-05,12.56583023071289,12.670704053113349,12.499091517154062,12.546761767057685,21385300
2025-11-06,12.470489501953125,12.623033571456565,12.470489501953125,12.623033571456565,15494600
2025-11-07,12.508625030517578,12.67070332533989,12.441887230026392,12.470489014631996,30240300
2025-11-10,12.56583023071289,12.642102266864931,12.480023962733249,12.632568035037329,25239700
2025-11-11,12.956724166870117,13.013927737263524,12.623033339049265,12.670703587200009,36404100
2025-11-12,12.985326766967773,13.023462786034743,12.918588960909181,12.95672497997615,32756700
2025-11-13,12.994860649108887,13.10926870322894,12.880452594988835,13.004394880927489,23794500
2025-11-14,13.052063941955566,13.195074688467907,13.013927924732483,13.042530619575574,15539900
2025-11-17,13.118803024291992,13.185540829007428,12.994860737510184,13.004394969393644,33654100
2025-11-18,13.09973430633545,13.252278376573251,13.032996502915005,13.05206405707754,46389400
2025-11-19,12.785111427307129,13.21414183515102,12.785111427307129,13.09973378700827,101108300
2025-11-21,12.985326766967773,13.07113303717706,12.737442188415264,12.909054728833834,35463400
2025-11-24,13.128336906433105,13.223676495024657,12.928122588386161,12.947190142410722,43126600
2025-11-25,13.09973430633545,13.271346839970166,12.985326253657096,13.156938787291814,20205700
2025-11-26,13.03299617767334,13.166472690417667,12.947189912997297,13.15693845895714,33961700
2025-11-27,13.080667495727539,13.128337747695204,13.013928779279034,13.0615990312467,8093600
2025-11-28,13.214141845703125,13.309482340515387,13.023461765312945,13.061597781390981,23319400
2025-12-01,13.357152938842773,13.366687170421354,13.156938621864436,13.195074638944387,15984500
2025-12-02,13.347618103027344,13.68130891929676,13.204608272760067,13.357152334174316,36109000
2025-12-03,13.490629196166992,13.490629196166992,13.319017565628375,13.40482383551489,15674100
2025-12-04,13.299948692321777,13.547833262314649,13.204609102563706,13.519231476310667,37988200
2025-12-05,12.975791931152344,13.452492601926654,12.956724377123246,13.319016996019846,61741400
2025-12-08,12.985326766967773,13.118803288319375,12.95672497997615,13.052064573026367,19119600
2025-12-09,13.00439453125,13.099734119169245,12.832782000067246,12.880452248644051,38541700
2025-12-10,12.966259002685547,13.013928343823732,12.527694335879685,12.642102391233248,91743100
2025-12-11,13.137870788574219,13.195075271553875,12.794646618399511,12.899520443088734,22635200
2025-12-12,13.385754585266113,13.395288816745632,13.156938485163803,13.195074501847522,30262800
2025-12-15,13.614570617675781,13.681309328466227,13.376220287279049,13.385754518711163,22268400
2025-12-16,13.500162124633789,13.614570170357121,13.357152294788204,13.404822541148173,43020300
2025-12-17,13.366686820983887,13.471560637903506,13.25227786350059,13.33808412699589,28631200
2025-12-18,13.271346092224121,13.500162184688666,13.271346092224121,13.299947876473608,23928400
2025-12-19,13.243124961853027,13.28301385522204,13.103514310574603,13.143403203943615,30380100
2025-12-22,13.083568572998047,13.2630690574851,12.963901900348738,13.24312413653046,26993300
2025-12-23,13.432597160339355,13.532318912619356,13.10351357086561,13.133430001446992,45087200
2025-12-26,13.681903839111328,13.781625597743572,13.362791738819922,13.362791738819922,29118400
2025-12-29,13.831486701965332,13.831486701965332,13.502403097491612,13.642014698278672,20303700
2025-12-30,13.821514129638672,14.050875975439395,13.821514129638672,13.86140302225277,25304800
